ID,Predicted_Salary
1,99063.572897
2,88476.78254666668
3,98051.91450066662
4,86311.57902500001
5,97734.978905
6,105893.39848933337
7,97031.77003633333
8,91767.568771
9,100719.24272966667
10,78384.19822033333
11,76137.369253
12,95848.40499733336
13,105289.87109333332
14,87101.356368
15,77016.18601600002
16,89682.19633366667
17,78120.52437500001
18,108564.48911633332
19,88580.655923
20,100646.12770566666
21,125672.0727066667
22,94585.19727500003
23,74949.87943500001
24,95038.80079966666
25,90520.73333533334
26,84270.65672333333
27,99493.74220999998
28,71318.05472466667
29,99236.37715400002
30,90280.66844766666
31,86075.711498
32,94705.35636433336
33,88971.75152699999
34,102939.41229633338
35,67007.45189099999
36,102850.48841799996
37,91018.44491033332
38,103355.861438
39,81254.646905
40,78777.24631233333
41,88162.07164333334
42,95338.89675433336
43,89438.27821633335
44,99408.307574
45,90126.56897300002
46,60091.81812133333
47,86899.26683066669
48,78675.8147373333
49,86370.11259133335
50,108770.71011733332
51,105513.10200166662
52,93348.80024233337
53,107732.1909176667
54,79068.80521233336
55,114480.96210733335
56,103711.420248
57,111916.18012266661
58,91704.29561833334
59,93486.16222299999
60,90214.934952
61,65304.68707366665
62,93266.93514433334
63,95184.44016066667
64,84028.22264333331
65,91078.49728266665
66,100080.95328000003
67,65504.131509666666
68,98757.16535033335
69,101519.18847899999
70,97735.85524733333
71,78059.60163899999
72,106287.31000233335
73,91033.95318799998
74,89840.78471866665
75,91663.19010066666
76,89624.29724766665
77,88144.89401633333
78,87626.35847966665
79,82456.551028
80,99215.85802666664
81,107356.95914533333
82,67229.10950233335
83,101784.39338100005
84,83668.41808866666
85,85077.14613166667
86,81676.949674
87,92920.29487966666
88,86891.22847866666
89,72699.71522866665
90,72177.147144
91,88045.29286900001
92,65075.90196333334
93,85577.71924400002
94,83601.85310566667
95,105894.77749300002
96,73458.56680600002
97,96484.72969533334
98,96555.55136166667
99,74184.97931266669
100,62578.420101333315
101,92959.23613100001
102,106950.431269
103,82482.91795399999
104,86578.202249
105,96675.52822899999
106,86725.97711933333
107,82993.68410199998
108,99371.795856
109,92829.13758033334
110,84869.79733233333
111,95712.74323533334
112,108704.40914599999
113,94423.77334733334
114,106264.29125866666
115,96463.36628633333
116,71115.64619166666
117,87999.21862666665
118,91570.13589233332
119,63427.998272666664
120,78077.33561566667
121,78740.15982433336
122,89430.26174200002
123,97632.25182099998
124,71474.68179533334
125,111959.24180333332
126,79630.72646433333
127,104433.15278666669
128,98581.80055566669
129,101017.64772400001
130,90399.76772266669
131,88849.16624833336
132,65238.887720666644
133,94551.40241200002
134,92854.58771366667
135,97913.93186566669
136,101473.18708899998
137,81077.54465266668
138,78446.00851833331
139,113326.15617399997
140,64369.643126666655
141,87410.92944333333
142,86622.86876433334
143,95282.07908900002
144,70638.70873266667
145,102663.43058666667
146,104560.86342666668
147,66841.74972400001
148,99665.18960399998
149,109677.33814833332
150,97293.24711666668
151,83458.080002
152,86773.487558
153,93273.97599699999
154,68836.41468466668
155,76482.61527866668
156,79826.51875466666
157,97431.84819066667
158,69473.99610266664
159,93015.34496633334
160,99630.331802
161,80854.65414666667
162,73224.15767533334
163,77673.33317633336
164,85768.252967
165,90424.32334366668
166,63685.829076999995
167,99205.92785133333
168,76549.43063666666
169,78267.97171266667
170,68844.98522933331
171,100818.81963366664
172,84905.98049333335
173,88085.09576333333
174,106618.95435133335
175,97759.81523133336
176,87487.4349063333
177,82399.71250533331
178,71969.05130866668
179,114650.184208
180,91065.15088100002
181,72123.89903866666
182,107152.99801000001
183,68058.39097866666
184,68222.97199066666
185,66297.59965266666
186,93347.50972466667
187,97263.26268799999
188,68994.93614166665
189,101713.87100600002
190,90192.93666466669
191,88500.06310666664
192,96637.45550133333
193,75084.33604866668
194,75252.25942233331
195,87664.98236933335
196,82000.65014366666
197,89591.2444
198,95853.87684166669
199,80969.04661500003
200,75083.52453000001
201,79873.97631200001
202,82759.573682
203,87214.02223199999
204,64797.71003333333
205,88328.391301
206,90440.90783733333
207,92353.35900466662
208,96689.82136966666
209,108371.68607500002
210,88955.700457
211,101758.31653099999
212,86558.30875933332
213,77857.347385
214,80755.18112833335
215,70567.30170233334
216,108623.64649999997
217,72376.30979300001
218,108961.20213966667
219,79189.35784766667
220,110118.314766
221,73224.48916033334
222,87105.17831599999
223,76338.38347966668
224,89113.13398766666
225,113326.92001999999
226,86668.67017833333
227,113732.951473
228,88754.70294366666
229,64772.04842999999
230,87456.04930499998
231,88600.176379
232,103102.56246300001
233,85586.82010133333
234,105983.32840200001
235,102439.885251
236,95382.957703
237,83416.90500233333
238,78122.74874766669
239,66603.19369633333
240,86314.23922033331
241,106866.9073306667
242,82720.94874266669
243,99631.35840266668
244,63917.22682933333
245,90416.09174666664
246,88723.26347199998
247,82285.78770533335
248,101935.9506226667
249,92960.56017933333
250,92649.96486233333
251,84938.82568000004
252,103587.98412200001
253,104267.96410633334
254,87601.74462333332
255,93663.708887
256,119836.16360666667
257,84617.09405466667
258,101498.75009366669
259,76149.28818433335
260,79455.36446599997
261,114015.59835866667
262,96383.04970700004
263,76806.51061933333
264,88860.45876466666
265,74413.04374633334
266,85883.23881900002
267,75841.05168966667
268,69439.27405600001
269,111934.08759066666
270,101166.10880199997
271,71205.51801833331
272,69166.99217266665
273,84119.906013
274,87373.661335
275,98513.49730233334
276,67096.155473
277,93848.24089933334
278,97171.569947
279,86171.46762533336
280,79431.79911600001
281,83242.80291633336
282,101803.66865533334
283,82102.43459100001
284,85979.41818966666
285,107238.96872566665
286,93987.77482266667
287,97961.23543466668
288,94244.42646100001
289,86743.98608599999
290,99133.75195466666
291,88400.60170166663
292,95891.71759066665
293,95107.25722000003
294,97550.33775033335
295,81538.45899933336
296,118700.37713
297,65415.751075333326
298,78727.71375499999
299,91216.05420833333
300,82573.16970299999
301,97971.64052233336
302,91097.39120399996
303,91596.54544033336
304,92541.64188833331
305,87345.55534533337
306,88421.61888066665
307,99982.57077966664
308,89491.500454
309,103450.69980200003
310,90936.33123066666
311,81821.12719
312,99793.0359786667
313,100650.37090966666
314,86815.46788999999
315,95936.83372066665
316,75618.23867733334
317,93707.13450466665
318,111259.5519983333
319,113171.62778666665
320,87365.33575400001
321,91110.80606233334
322,100075.55140633335
323,88939.1514903333
324,99976.54028233336
325,85987.24276266665
326,78565.17383133333
327,71515.13142866667
328,98362.23371700002
329,98689.82028833336
330,90233.27894133334
331,85322.98754033333
332,86052.41861999997
333,83526.87232733335
334,99059.07849066665
335,75768.16477833333
336,83694.17748
337,82361.078034
338,79881.40891466667
339,111871.25442166667
340,77293.612355
341,71453.42806699999
342,62951.80050799999
343,91165.64973333332
344,107194.62310199997
345,85681.13051166668
346,78901.72462666666
347,94044.61865633332
348,86153.00031199999
349,93999.220956
350,109311.60524666667
351,79349.65488233331
352,81875.78705400001
353,101397.14722633334
354,121638.88190333331
355,98396.44269966664
356,119438.85084000001
357,90125.627877
358,96549.29587500001
359,103443.93089466663
360,102657.93824500001
361,103658.70795933335
362,102478.12809100004
363,84670.68983199997
364,87967.31320333334
365,96327.95835833332
366,92968.935732
367,87888.03922466667
368,103203.13289333334
369,63573.75241899998
370,94507.78733
371,67372.51090033333
372,92760.00658200002
373,106354.43860833334
374,73690.21352233333
375,74095.23984266669
376,98356.92830633334
377,85299.40015366666
378,114182.30013133337
379,73333.05520933332
380,113145.25530666667
381,85107.20195500001
382,80194.29646066666
383,83369.71532666667
384,84238.82807566665
385,76158.928385
386,91468.81936466669
387,63352.50333366667
388,88080.29068366664
389,88751.72785333337
390,72120.05679700001
391,109003.1367646667
392,82712.62533200001
393,90804.96338400002
394,77181.70317433334
395,77702.85681766667
396,77669.19535166668
397,77764.296543
398,68836.32003466667
399,89354.48542666665
400,62718.503802999985
401,92552.05378766665
402,70082.66672699997
403,87968.527777
404,110741.458116
405,87214.90516066663
406,85220.49677633333
407,110094.22442366669
408,92129.76409899999
409,67971.83114366666
410,99257.61992966667
411,83701.464679
412,77213.30907766666
413,96965.85332933333
414,73899.40617433334
415,74922.979819
416,75264.49970266668
417,106423.03572966665
418,110081.61500733337
419,97842.04968333337
420,72999.30898733331
421,71981.50509466667
422,81943.30166133335
423,95482.44657799999
424,100777.82108633331
425,100408.79697033335
426,96646.54307800002
427,87807.85368933332
428,79817.626705
429,75348.96117400001
430,81727.95613566668
431,99986.80353533333
432,84740.33246466667
433,94397.39025366666
434,101575.98293866665
435,98405.91715833334
436,110645.16486233336
437,76105.21600866668
438,106320.25934
439,70454.33015166665
440,96033.61778466665
441,101830.66495699997
442,99374.57166966665
443,82973.25747666665
444,81987.63395666666
445,99196.59529400001
446,100096.91383933336
447,70347.61490100001
448,112584.69660999997
449,96872.03096433335
450,86318.044294
451,82873.776011
452,91907.20340033335
453,98152.91132333333
454,69862.70191566665
455,88179.46788233332
456,84915.16367866666
457,92577.14077833334
458,86864.21665966665
459,75363.590904
460,96855.01189200002
461,80759.87028933335
462,76118.91254133334
463,100147.64754700003
464,91955.22441099999
465,95194.47376133333
466,86402.65134633334
467,118795.07463866667
468,100046.49579666667
469,89287.18130466668
470,73108.74348133332
471,101030.22429700001
472,93976.10978300002
473,70935.94326633334
474,70591.44159900001
475,77896.034498
476,87249.48549400001
477,70459.60604133333
478,75220.034005
479,99343.45016966667
480,73964.00934266667
481,71332.562323
482,76840.79457
483,100078.25868433337
484,96744.00913433333
485,68253.92095366666
486,82463.02705433333
487,83734.50392400003
488,98875.73471900003
489,114326.68063233334
490,87764.76839466667
491,105443.14728199999
492,69484.51721099998
493,71026.8482376667
494,87596.13029399999
495,76900.766498
496,69003.96223300003
497,89312.26261433333
498,104439.1226116667
499,99783.27974600003
500,75351.556686
501,104252.19385833337
502,117748.247612
503,74444.62461033334
504,87625.47809033336
505,94880.562457
506,103286.41545900004
507,73064.42022300001
508,83785.44192299998
509,77654.50241033333
510,91397.43411533331
511,93881.61086933334
512,94971.63332466666
513,96883.02058400001
514,101578.77442500001
515,75436.08213200003
516,81694.96044233334
517,102690.29463966667
518,96877.27067199998
519,88708.83905366666
520,89491.75675199999
521,77242.00436533333
522,86506.863303
523,95500.65651733335
524,70951.13153266667
525,74815.80762966667
526,84179.64429366667
527,75551.43459399998
528,84258.70217566668
529,102414.28723900001
530,88053.66734533335
531,86744.72342333333
532,94290.43399266666
533,83851.41522566666
534,81278.12145333333
535,98386.12500566669
536,71082.72652433331
537,83096.16631133335
538,108271.29817333334
539,70822.56109300001
540,82476.03652800001
541,73675.78956199999
542,63029.16688466667
543,78641.174563
544,97007.02351433337
545,88834.91073499998
546,99241.47070166664
547,67544.78446433335
548,100717.83339766669
549,100803.32155899999
550,84621.34050599998
551,97085.755979
552,73667.68790199998
553,91756.40726533337
554,91992.81080833334
555,85252.74615966667
556,73710.09171533333
557,69033.12164400001
558,92660.06393433338
559,79702.19410000001
560,100497.72572133334
561,77771.26611133335
562,98171.68567466666
563,121582.01098
564,108444.19610866669
565,90468.703248
566,70424.52997366663
567,88156.6244556667
568,71706.71945033333
569,73162.17295933331
570,97821.97752433333
571,95800.85565333333
572,91145.76668900001
573,85857.10494400002
574,96158.21384733335
575,91087.20571366668
576,72863.70625833333
577,74981.36205499999
578,115450.13533466667
579,83772.02157533335
580,102803.41925233332
581,103268.88670399999
582,88368.0223066667
583,86735.99778900002
584,94805.62173666667
585,86173.53303066666
586,73721.39750733336
587,98109.88678266667
588,95641.50552900002
589,94209.25037866665
590,108757.05589199997
591,108071.62190633334
592,83190.29411333335
593,77919.44312266666
594,64310.482679999994
595,95749.22999233335
596,71541.76864266669
597,109007.807018
598,63019.98414933332
599,94955.22923633335
600,99030.28945766667
601,68962.07183766665
602,89563.92471433332
603,74758.72530233333
604,86958.06495666668
605,100095.43130433332
606,91379.97089566664
607,95530.84966566668
608,104080.73870433333
609,93720.17192166667
610,89952.57019766666
611,110787.49074033335
612,89551.80723533334
613,98910.96012766667
614,92365.13216166667
615,105164.7961976667
616,96114.77136866668
617,82521.19384899999
618,110984.57943299998
619,82420.01716899997
620,95372.98008900002
621,90690.31791933333
622,74480.12557166668
623,89717.69749233333
624,86420.54956933334
625,67064.07742266665
626,97956.49429633332
627,98366.46858933334
628,73703.74875133335
629,86298.20609366665
630,98626.01972800003
631,104403.36269633332
632,89222.9238566667
633,96946.03162566667
634,86370.90760633333
635,68408.21824
636,92002.60484466668
637,108349.24661999998
638,86935.35155566665
639,111692.66992
640,85744.60743666667
641,103379.93533533333
642,89404.85224599997
643,107080.75334166666
644,89452.23923633333
645,101111.85410799997
646,95828.87842099999
647,87731.97362866666
648,122495.95883666664
649,102083.749844
650,98634.24739233335
651,72680.82472133334
652,70528.84086766667
653,78634.82421533336
654,94005.11959966666
655,90936.42699766667
656,89859.70809166667
657,71945.13645
658,90298.09561533334
659,88870.14041566667
660,114067.37839133333
661,76125.34230099998
662,86913.93048733333
663,84552.54559033332
664,93765.90825533333
665,69070.92243433332
666,77281.90273233334
667,86403.12690300001
668,110258.96224466668
669,95027.78967599997
670,97165.85190200001
671,101323.61521433335
672,91578.028348
673,83539.83416266668
674,87370.485129
675,91891.93426933335
676,100847.34963366666
677,73436.93059666667
678,69841.41704633334
679,90233.03281933336
680,86678.83951366668
681,81214.09119966667
682,126843.14153000004
683,79686.11942633333
684,73730.091099
685,82462.39144233335
686,87811.967893
687,72475.69304833334
688,87912.45432133335
689,108422.67016633335
690,85262.66255466665
691,92073.69955066667
692,74428.13616566666
693,102606.72926266667
694,90609.5230043333
695,76661.84568466667
696,75642.63271100003
697,92324.60002266665
698,95496.21274233331
699,91215.01466033334
700,79330.51081566667
701,76894.40979933336
702,75747.76112933332
703,90739.97091000005
704,97435.26629366665
705,92154.30825633333
706,91972.81016299997
707,68192.24168366665
708,73192.07816600002
709,87051.565967
710,78205.44034766665
711,88483.40947
712,91755.82839800001
713,86686.62803866666
714,98419.39968466667
715,73561.87421033332
716,92098.13158833336
717,64009.13537166664
718,75112.21721666666
719,82367.121913
720,98828.87406100001
721,64438.37234599998
722,86306.89493899999
723,97676.36138766668
724,97752.85707000001
725,69054.25246699998
726,80502.46128366665
727,76917.54867799999
728,86305.92793733333
729,85684.01452933335
730,87334.67113166668
731,81495.32246300002
732,96917.4963763333
733,98572.021332
734,85114.37927699999
735,64920.14407566666
736,98222.255955
737,74653.42625533332
738,66248.57957533334
739,96719.67517466667
740,103704.95125900001
741,104625.91442400003
742,87618.08118333334
743,90569.25056333332
744,72916.18910666666
745,103766.92112933335
746,101645.54918299998
747,85017.44643333332
748,72662.26370933333
749,83346.514678
750,88951.07960733338
751,94870.78813533332
752,106780.50218833332
753,100825.67241100002
754,73057.02110566669
755,77513.94016866667
756,94818.66739333334
757,75571.52795600003
758,75527.80542666666
759,102516.02338800003
760,86745.67224433334
761,101787.287601
762,88032.07995399999
763,81898.88771899998
764,90232.58087133331
765,107032.49004233333
766,84930.37966100001
767,86326.83354966666
768,88495.41931133332
769,89817.86422399996
770,96151.94610833337
771,73427.10797666667
772,76612.91400633333
773,91029.06393266672
774,70291.62708199999
775,73785.37314966667
776,84222.81397833332
777,79272.53407666668
778,91494.26164833335
779,94282.40311133333
780,76756.99991633334
781,89910.2432763333
782,86970.31741033331
783,82979.47497466668
784,117313.64536333334
785,86603.58752733334
786,96151.1408953333
787,96891.721096
788,91664.15159833335
789,81949.55907866666
790,82528.464975
791,89953.95177866665
792,86919.14606066668
793,86096.54288533333
794,102746.4740606667
795,71158.94125466669
796,111060.65356933331
797,95428.87346433333
798,83591.31960900001
799,77219.63924266669
800,81062.17724000002
801,101385.91774033332
802,77949.7523923333
803,91854.05044166668
804,83839.51393933332
805,89858.73550566664
806,105233.16397400001
807,85337.28479866667
808,90750.52386366666
809,100934.81413800003
810,76742.864143
811,109696.99419666668
812,105257.99762733333
813,97941.74076666665
814,97579.730955
815,84319.61714099998
816,79920.28668666664
817,99562.93776600002
818,99846.03334866666
819,90081.45742666669
820,103534.09736166666
821,66167.04249466669
822,106962.61348866666
823,104402.65811599999
824,86842.193082
825,74328.871524
826,99299.85203466668
827,71578.05275033336
828,102708.087094
829,84618.38385533332
830,84953.41920266667
831,93790.590121
832,81898.79421166664
833,75880.48272566666
834,82006.687256
835,66001.96303566666
836,100134.46462633334
837,76863.70680266668
838,75652.49603766669
839,69878.98755033333
840,93507.98440666666
841,88403.76114
842,98939.92981733332
843,106638.38267599998
844,72344.15736533332
845,77541.95063433333
846,109701.95961366668
847,73676.67269666669
848,93185.983562
849,82455.53252266669
850,107151.92194966662
851,73921.05342733332
852,93789.975348
853,87621.25176233333
854,75004.70204233332
855,78337.414662
856,99620.29599433337
857,93823.96351833334
858,100027.51839366667
859,83027.03273266667
860,71371.22347599998
861,109693.11431
862,88019.31421233332
863,62598.93152933335
864,77513.20800766666
865,121953.64223666668
866,86166.337056
867,89402.22491900001
868,93385.36179966669
869,94066.80144733333
870,76338.47097633335
871,107751.03859066663
872,81511.820996
873,89366.954977
874,106231.78183766667
875,94239.91209633333
876,70838.780851
877,88118.28728866666
878,92696.31948366667
879,94089.86522433332
880,101248.78985300002
881,72232.503367
882,91574.75605633334
883,62202.42332866667
884,82910.71956633334
885,76426.17520966663
886,120191.1029466667
887,95532.1381716667
888,91956.48275266665
889,78464.64510066668
890,75588.26093666667
891,110662.25755966666
892,97322.63644366669
893,103655.48929133332
894,65093.85646999999
895,94595.42323400002
896,82092.38898166666
897,103462.60072000002
898,84636.86822066669
899,75738.67816266668
900,106283.56773400001
901,84917.65274366667
902,106275.86032400001
903,85141.61413999998
904,88816.74412733335
905,71015.58422400002
906,82189.48699833333
907,85602.89803633331
908,103807.57380366667
909,111683.54509
910,93593.12705033334
911,90481.9620293333
912,95996.87252933337
913,106003.22825133333
914,90642.09576966663
915,64414.437635999995
916,89443.20822499998
917,88002.66793066666
918,89284.39347233331
919,93091.40399033335
920,103950.63735033335
921,73315.39478966667
922,75387.00256299999
923,92329.32897033331
924,83804.54069200001
925,85900.72597833331
926,111046.95438233337
927,101973.0071716667
928,102638.42163166666
929,95021.67231533332
930,73192.043491
931,82322.296963
932,62079.902555
933,63249.73667666667
934,96266.21386566665
935,75916.75568966666
936,68477.52492666667
937,76655.18615833334
938,83903.207921
939,94728.14042900004
940,75687.29355300001
941,105500.65041
942,81504.4500336667
943,95513.04272166666
944,94933.48473866665
945,108522.63128899998
946,87398.97243499999
947,84561.41965933332
948,102739.92323400002
949,99855.38190766666
950,108755.92987066669
951,78543.87670833334
952,83108.8823506667
953,96912.25040233335
954,82921.22556900002
955,89351.90831366664
956,92786.56508466667
957,91758.09008266668
958,79274.36983766667
959,84728.11451799999
960,67684.92572366666
961,107137.59361833333
962,98504.398405
963,109489.017513
964,94719.71349866668
965,104308.64956966668
966,91789.053634
967,89112.46861233332
968,74713.60714199998
969,93406.74685333334
970,86678.3356
971,87907.80529000002
972,79005.07759433333
973,78549.97508166668
974,83083.33085133338
975,99921.4885606667
976,82318.35810199998
977,79138.92152766668
978,92528.14000999999
979,82721.65671833332
980,98274.95176899998
981,94654.27967766668
982,95111.72618333333
983,84379.209605
984,86681.81724933334
985,96366.352488
986,89779.28235799998
987,78171.97032633334
988,86132.64740166669
989,74181.34775033336
990,65499.758183333324
991,86153.98582066667
992,85750.91890733334
993,69095.13316533335
994,87955.68150333333
995,86992.52189299997
996,83023.73275766669
997,69919.22748933332
998,91127.57868800002
999,74147.358726
1000,92717.92101266664
1001,96293.56496200003
1002,85420.74393966667
1003,92831.98034166668
1004,95142.97366199997
1005,99244.89785466666
1006,86921.86149166667
1007,71261.15130133335
1008,74569.10963100003
1009,106747.47943366664
1010,101198.63207766667
1011,78477.03788433336
1012,75732.68711066667
1013,80089.340436
1014,92526.05488866665
1015,100270.69268733333
1016,95178.163155
1017,99681.86538333334
1018,97165.19961600001
1019,96647.08886933333
1020,83717.2966
1021,73430.14794433331
1022,94853.48597466665
1023,95287.8446776667
1024,91078.02419766666
1025,91963.54966533334
1026,77689.83880700002
1027,102150.04870099998
1028,79986.93148666668
1029,77007.41225200001
1030,75810.841857
1031,68499.65682333334
1032,75442.74175366666
1033,78194.74141300004
1034,111457.18279733331
1035,78769.71889433333
1036,75869.25071233333
1037,103533.67417866668
1038,81616.54500333335
1039,84844.76833599996
1040,63708.10444166667
1041,76741.55098733334
1042,98728.2387953333
1043,98474.135917
1044,94651.31733366668
1045,84416.54779400001
1046,93579.77138966668
1047,111031.26096666664
1048,76173.41992333332
1049,101292.91469166664
1050,80159.10490966664
1051,83442.24618666667
1052,90187.323344
1053,83109.52256666665
1054,75004.98434933335
1055,80358.59642433336
1056,85892.77018033333
1057,101072.92952833338
1058,92267.20913666666
1059,91530.51310999999
1060,82760.39773766667
1061,81619.06592766668
1062,101830.58320466665
1063,83471.64641033336
1064,96820.06553899999
1065,87348.74603166667
1066,97263.48441133338
1067,97162.43783533332
1068,99131.91839400002
1069,86729.42423033333
1070,74741.85725400002
1071,102042.47333733334
1072,79940.264913
1073,88078.38179866665
1074,90191.69028066668
1075,85963.55153666667
1076,92798.10714166668
1077,77749.01101666666
1078,86817.02298000002
1079,80783.5494096667
1080,111523.68143833334
1081,104677.89361899998
1082,84360.99241566665
1083,86598.72333733336
1084,90741.63697600001
1085,82841.20763933334
1086,85624.14827966665
1087,86191.22012033335
1088,94760.17991400002
1089,94616.32233333333
1090,86986.1497453333
1091,92597.82853766669
1092,100841.63848333333
1093,77317.51842933334
1094,71330.14589333333
1095,93608.44811233335
1096,79638.417086
1097,97178.02563599996
1098,112309.86824799997
1099,92786.03194233334
1100,110910.46101533336
1101,81266.21974
1102,100231.72455033334
1103,87724.83451700002
1104,84116.29402100001
1105,95485.98316999996
1106,78888.68881733334
1107,97581.87354500004
1108,105349.37603166666
1109,73845.85275633332
1110,101436.90980033335
1111,84947.06132699999
1112,102183.92213466667
1113,62263.054995000006
1114,76544.371488
1115,92277.79209533334
1116,100300.13825899998
1117,75708.33805333333
1118,86698.317737
1119,87196.53017066665
1120,109306.35907633333
1121,129675.95834666664
1122,84840.97719233333
1123,107572.88923933335
1124,88857.68082766669
1125,100409.84957433335
1126,92016.425122
1127,69578.85676633332
1128,90696.73540033332
1129,80488.78478933335
1130,91344.57917266664
1131,74525.10190533334
1132,71629.35262300001
1133,74042.52492033332
1134,82975.03045466664
1135,89523.17738766667
1136,89869.05623166663
1137,85067.93990433334
1138,98739.832641
1139,73300.134914
1140,97027.94613800001
1141,74428.23200300003
1142,74512.8141233333
1143,84367.93745033332
1144,75604.03550266667
1145,91709.31870666664
1146,71275.05777666668
1147,85552.03237833334
1148,94294.64089466668
1149,100922.29146499997
1150,108369.15917766668
1151,75266.87375833334
1152,86044.46397266664
1153,67557.68071533332
1154,84064.67133266668
1155,105185.17060133333
1156,96109.41509166665
1157,103060.61732133334
1158,82374.662155
1159,89271.548677
1160,104188.99837433336
1161,73904.46093466667
1162,92861.586236
1163,77834.73969433333
1164,72572.07872066666
1165,84529.897476
1166,89208.71614999998
1167,103450.88104600002
1168,88220.59493633332
1169,86226.78191733331
1170,96089.50881133332
1171,85879.30764033334
1172,94679.33674799996
1173,107335.28358966667
1174,89636.98416
1175,97645.94539333331
1176,100396.1190536667
1177,93045.67624366666
1178,105197.13284666665
1179,94201.4152956667
1180,94754.04923466669
1181,79510.02740133334
1182,101338.92622
1183,99939.90478266666
1184,79865.01892966666
1185,85040.24245566665
1186,99202.09394533331
1187,73554.15734066667
1188,93475.08804133332
1189,107772.36081166666
1190,95418.201262
1191,87564.67503866665
1192,90240.91740766665
1193,90808.44295366667
1194,77916.12167266666
1195,84640.67726966667
1196,78419.20233266667
1197,64066.10097833335
1198,103679.37000033334
1199,90899.41991066666
1200,104421.02210466666
1201,105962.81996833331
1202,92148.89493066665
1203,93751.13460333334
1204,94674.45514066667
1205,100560.57524966667
1206,79017.609479
1207,83023.32356399999
1208,100759.77846199999
1209,90624.60879900002
1210,102059.2883056667
1211,78331.91326333332
1212,92066.36839433335
1213,94712.09676833336
1214,63803.97809333333
1215,109690.593394
1216,108901.55477999998
1217,88533.26415466666
1218,91629.71156666667
1219,83007.47481466667
1220,76203.94355200001
1221,98537.30940099998
1222,88972.56792066668
1223,62405.23683733333
1224,97527.37040033334
1225,68750.35890766668
1226,99467.44917633332
1227,85517.13276266666
1228,77954.28097433335
1229,90227.77819166667
1230,81914.80090199999
1231,97234.51644600002
1232,89640.23809066667
1233,70768.88990000001
1234,68926.49033500001
1235,84368.28415166665
1236,115748.53684733332
1237,89214.89986400002
1238,89604.89611799998
1239,83713.60878066666
1240,69525.590715
1241,105560.11676066669
1242,97930.11030766666
1243,104829.03567666667
1244,94865.79004333336
1245,103460.80209366669
1246,105764.60196899998
1247,92719.15077533334
1248,63557.860170666674
1249,92037.880284
1250,86583.973412
1251,98113.6216526667
1252,72010.464901
1253,101815.96203466669
1254,97015.127104
1255,84007.34537366666
1256,86466.83529566666
1257,81325.76753266666
1258,100327.63853366666
1259,91855.73165466666
1260,109984.13327999997
1261,104012.33223233333
1262,92895.01737066667
1263,96267.85526066666
1264,89965.88813633335
1265,80161.42348966669
1266,94710.27756433333
1267,85933.96930200001
1268,87235.172146
1269,84937.061232
1270,73943.78817233333
1271,97328.127476
1272,97986.01594833331
1273,97669.15665466666
1274,88896.26497266666
1275,74311.129972
1276,78389.06655533332
1277,87490.71460466667
1278,92243.4102293333
1279,91749.99486533333
1280,77941.10812133334
1281,67465.41503899998
1282,84145.50532166666
1283,90162.22604633335
1284,86574.65718266669
1285,97517.96006800001
1286,72463.42845033335
1287,76293.30237266663
1288,88829.29160666668
1289,79738.80471200003
1290,98563.47208333337
1291,118838.13182000001
1292,99229.63269533332
1293,84104.95657866665
1294,69143.24956233332
1295,94711.40618666665
1296,92625.75113666664
1297,92999.75799366667
1298,85393.0910933333
1299,84501.78646233333
1300,95128.15716100002
1301,84403.95241066666
1302,65742.99150266666
1303,87321.15769666669
1304,102867.69593
1305,80118.43120633332
1306,73006.86288833334
1307,109226.76642833333
1308,92690.79697466668
1309,100814.44623333334
1310,73428.53652833334
1311,91791.70949900002
1312,97149.84208266666
1313,90077.6136013333
1314,96837.941798
1315,68109.64175733333
1316,85440.826788
1317,77555.132584
1318,86421.91376066668
1319,89696.9080126667
1320,87310.50553399998
1321,69080.13345000001
1322,95609.55689766668
1323,104231.41783600002
1324,87187.669748
1325,113519.15066066668
1326,88382.19567433331
1327,82544.77800899997
1328,80100.818621
1329,88626.60324866668
1330,95730.82540933335
1331,93734.25490299998
1332,86039.45032400002
1333,104233.34301366666
1334,112195.07954133333
1335,86269.09094466666
1336,89793.46082166668
1337,62116.954173
1338,86907.61694733334
1339,83850.34373233332
1340,83662.327372
1341,86706.09510866666
1342,79271.34875799998
1343,70858.76902299999
1344,78075.57092200003
1345,96864.88364599999
1346,79213.14804766668
1347,106372.19380199998
1348,101719.6768093333
1349,79310.19311833337
1350,78422.455564
1351,82243.83987899999
1352,88015.53203866667
1353,78121.43454466668
1354,65595.900693
1355,73172.490375
1356,68264.14281533334
1357,102903.59141166664
1358,97597.12963
1359,95063.27172133334
1360,92439.55535366668
1361,112595.06119933329
1362,82434.85465633334
1363,77646.16632600002
1364,99593.17233033339
1365,81446.37948133334
1366,95919.5606996667
1367,97752.69342366666
1368,86255.17593166664
1369,101542.32415333335
1370,84028.51536133332
1371,81840.76752600001
1372,71750.85486600002
1373,75712.53129999999
1374,91062.67444833335
1375,69358.008584
1376,87764.46161833333
1377,73001.14922633333
1378,90692.77717833333
1379,86506.54005966666
1380,80103.44249433334
1381,79748.44470699999
1382,112608.95722333335
1383,86087.17099266665
1384,76958.07303366666
1385,93698.51308133332
1386,86179.59264366669
1387,85003.36965033333
1388,95405.1011466667
1389,84671.54227300003
1390,86533.97350066665
1391,66142.65398233334
1392,86624.43546633334
1393,89302.29416966667
1394,90237.27727566665
1395,87799.00896466666
1396,64074.59743733333
1397,94634.77000833333
1398,92208.236372
1399,101029.14265366671
1400,101593.49800333333
1401,92648.37582599999
1402,86221.108477
1403,76489.87779333335
1404,95139.56302133334
1405,104400.81787333333
1406,90144.92673899999
1407,102469.42662233333
1408,86312.98806799999
1409,81858.50889933335
1410,85325.830819
1411,81344.17257
1412,91576.51394166665
1413,87037.19818766665
1414,90761.32842333333
1415,81916.46723899999
1416,86035.93683800001
1417,90758.45868799998
1418,83608.48478033334
1419,91027.76168466666
1420,86187.99253299998
1421,66457.691451
1422,67141.28924066667
1423,81902.99651666665
1424,80145.73049666666
1425,69786.56201000001
1426,115650.15819066668
1427,95211.62206066665
1428,75681.60927466667
1429,101019.84619433335
1430,79328.26090366667
1431,106264.98712833333
1432,71387.24131766666
1433,72962.25415566665
1434,105451.1250393333
1435,65543.84244466666
1436,85723.84837766667
1437,93701.48170266666
1438,76225.39005300001
1439,98055.48544066669
1440,82451.68648099998
1441,85827.0295
1442,102787.76274633338
1443,68345.34138299999
1444,76138.44373300001
1445,86524.21488233334
1446,100934.594146
1447,83082.47881300001
1448,76500.274311
1449,102412.19197866668
1450,97378.99770066667
1451,103714.31245333335
1452,73889.402601
1453,86899.28489966667
1454,100228.15167600002
1455,118889.81016666669
1456,110908.41674700001
1457,93760.35840333336
1458,73729.18910799999
1459,93537.72530600001
1460,75634.10796766667
1461,98757.41930833334
1462,74345.45340666667
1463,74083.24705199999
1464,102011.37655933334
1465,73320.09174500003
1466,73443.51058833335
1467,91305.98536833333
1468,98610.69658833333
1469,78810.26151366664
1470,101723.86820933335
1471,71164.65373166667
1472,96908.56068233332
1473,112604.56999533328
1474,86841.00991299999
1475,113751.92962133334
1476,88422.74729766669
1477,86045.07404299997
1478,91477.97144300002
1479,88313.8318583333
1480,76272.43100066668
1481,89444.73350100002
1482,99285.69803833336
1483,88864.72465366666
1484,101715.69559
1485,88010.59442966667
1486,66389.412956
1487,95485.74590200001
1488,69014.14518666666
1489,93204.369837
1490,111945.75600666663
1491,91943.70945466668
1492,70448.50844533331
1493,83573.379044
1494,65980.90938699999
1495,87181.743704
1496,63235.186405
1497,61812.18530500001
1498,98319.12063633338
1499,119846.98159000002
1500,92228.54701366666
1501,77688.54425633333
1502,113398.50573066667
1503,88125.312467
1504,72386.04560333333
1505,100157.80160033333
1506,89746.35157766666
1507,108397.97637333334
1508,91409.21855933331
1509,86346.96251533333
1510,111363.82390299998
1511,76675.08540800003
1512,85855.53997299998
1513,101184.8764123334
1514,87748.20887433333
1515,86780.76560533332
1516,110906.49901733334
1517,88859.19917433335
1518,75966.98186500001
1519,87093.99256799997
1520,107312.67577466666
1521,86748.41825099997
1522,109250.88952066665
1523,77570.52619533334
1524,83742.13027066668
1525,84746.89224933334
1526,78295.67219966669
1527,98829.81925566666
1528,64816.06349633333
1529,69426.30245033334
1530,111563.51995333332
1531,102852.91849133332
1532,88712.42206966665
1533,63350.385988999995
1534,72707.26218666666
1535,110514.23192333333
1536,94236.50351966666
1537,99813.11926866668
1538,104346.76017299999
1539,101790.71521166665
1540,74606.85092533333
1541,78118.56488666667
1542,84926.81294699998
1543,101613.68330333334
1544,91184.63630333336
1545,94060.49907366668
1546,95399.63154866669
1547,92848.60062400001
1548,102816.45963133332
1549,100485.44576166668
1550,102426.08758066667
1551,111419.272554
1552,109153.49323633334
1553,96223.61221166668
1554,68238.96278766668
1555,72987.38535933332
1556,87709.64884366667
1557,99105.82693066668
1558,91917.48698833334
1559,78207.478094
1560,102229.65505500001
1561,89247.97612166668
1562,90249.71121799997
1563,98330.33966933335
1564,99729.747123
1565,89818.67608666669
1566,89765.81241
1567,83013.14415066666
1568,102216.78656666669
1569,86847.58956966666
1570,71664.18302866667
1571,77765.04156400001
1572,81132.40657466667
1573,93864.72739966666
1574,61187.04396466667
1575,77442.76055233335
1576,85903.137042
1577,80081.30838600002
1578,100085.91262433332
1579,82840.55650233333
1580,86061.70357166666
1581,63908.618987999995
1582,104974.44238233335
1583,83934.29164066663
1584,88119.234962
1585,92024.298567
1586,105804.32288299999
1587,101072.018416
1588,80722.34095166667
1589,116190.34614333334
1590,75791.20420933333
1591,76618.00629400004
1592,99226.34715199999
1593,93377.27021466667
1594,87002.39853166667
1595,99102.12009466666
1596,74632.54892966666
1597,89005.88132833331
1598,71459.16811966668
1599,91003.845035
1600,96421.61134666669
1601,99642.22493700002
1602,87392.85916099997
1603,89512.13461766667
1604,99945.03305533335
1605,111877.59325400002
1606,71199.12926733332
1607,84437.54634899998
1608,65212.87741233334
1609,99536.71701400001
1610,101325.15889399998
1611,79134.11658333334
1612,84864.04629700001
1613,93001.94861333333
1614,92100.74992833333
1615,104140.33128566666
1616,91304.16030066664
1617,109258.07834033333
1618,85867.86855533333
1619,68287.61041899999
1620,89931.79615433334
1621,91080.91062966667
1622,79919.39343433334
1623,111596.311584
1624,65451.89659299999
1625,98968.87565733332
1626,105149.13677
1627,94283.67357300002
1628,95822.7528396667
1629,74474.52742866667
1630,111901.32379699998
1631,78543.58903766666
1632,76459.70363100003
1633,96730.07931299998
1634,84567.94730966665
1635,76619.67490999999
1636,86695.40084333331
1637,101261.9137426667
1638,100662.44773466668
1639,84615.918849
1640,74267.48502066666
1641,97754.32504099999
1642,87773.163842
1643,84958.41113699999
1644,73865.71351199999
1645,101896.34093466666
1646,82842.95685833333
1647,95069.67911333336
1648,78041.06964333332
1649,88850.91111733332
1650,83335.22769566666
1651,89637.40430899999
1652,77961.052566
1653,103994.05951700003
1654,85459.358474
1655,78880.0981756667
1656,71306.61871466668
1657,87939.61861800001
1658,78494.73333666666
1659,98518.73985933333
1660,99392.53975900002
1661,94723.58702166668
1662,87279.89346833332
1663,100407.28677866668
1664,79107.34032233336
1665,92855.29831666668
1666,63607.730795999996
1667,77934.49978566665
1668,93893.49313633333
1669,70492.60033500001
1670,70247.42507166667
1671,79640.19616133333
1672,80103.24111066667
1673,109888.10468199996
1674,102442.20169966668
1675,96688.3147693333
1676,91626.97737099997
1677,87264.951671
1678,92606.89029533332
1679,75597.605496
1680,96845.388883
1681,73803.96749566667
1682,88074.39233733335
1683,103388.76665433336
1684,101132.85767266665
1685,88936.37911566668
1686,83988.98927233335
1687,65581.22857233333
1688,102290.46997833336
1689,82763.28575266665
1690,110792.80843666667
1691,115056.03823666667
1692,84669.44200133331
1693,107481.08591566667
1694,89588.88296100001
1695,88605.65569866664
1696,90181.27893666667
1697,73305.05238800001
1698,68860.21544166667
1699,105536.81412966666
1700,90110.61642033332
1701,90421.67737899999
1702,74794.691625
1703,76056.395834
1704,85285.72292366668
1705,108882.24386399997
1706,88641.93340066666
1707,77046.24343533332
1708,78361.44166866667
1709,89982.67868166664
1710,96309.583457
1711,106824.61476699998
1712,75967.461156
1713,113569.90020633333
1714,87728.96884566666
1715,102700.48035066665
1716,80433.26204733334
1717,106852.21569766664
1718,87644.40437233335
1719,112129.656978
1720,96045.50589566668
1721,99695.55798900001
1722,73033.68017033332
1723,82896.59780733332
1724,79391.22348033333
1725,89229.57271066665
1726,84823.07793933334
1727,84599.79741466667
1728,63467.469517333346
1729,93701.08714833335
1730,96689.18938166667
1731,89415.94633266666
1732,62580.54820933333
1733,100268.51523666667
1734,95260.68014433334
1735,93440.0437496667
1736,91086.05074766664
1737,74652.28190466666
1738,73416.44479300002
1739,101982.80518966664
1740,101350.09968233334
1741,89403.55625833335
1742,73994.039173
1743,75413.16298800003
1744,95094.74971333334
1745,82900.72843666667
1746,91226.45641100002
1747,92896.92383966665
1748,105156.53514066667
1749,123690.59583333338
1750,75217.62544666669
1751,92011.22648066664
1752,69476.83954333334
1753,77725.16114866667
1754,99134.47988133333
1755,100857.29465833334
1756,108806.05571266665
1757,111377.89060966666
1758,83469.220003
1759,99137.51364033335
1760,83652.640901
1761,90283.87324699998
1762,85901.29712266663
1763,70775.02686266667
1764,100207.32041966672
1765,84470.616182
1766,66102.94266433333
1767,77103.0497903333
1768,96602.05639400001
1769,75175.291715
1770,85818.59099666665
1771,92599.055963
1772,71518.68077833332
1773,94292.20776233336
1774,80345.07344266669
1775,77554.3732393333
1776,77806.47140166667
1777,63642.16132699998
1778,88745.09108066668
1779,70930.18828666667
1780,82327.97000333335
1781,108044.43260500001
1782,82498.55720599998
1783,75779.88857933333
1784,101340.83646266667
1785,71719.87360033333
1786,95723.73342033334
1787,109910.44797699999
1788,81434.329581
1789,103471.75559466667
1790,107268.83944066663
1791,77055.007913
1792,73502.65521433334
1793,84906.76194866668
1794,70792.04734666666
1795,72289.87562566667
1796,88247.45213233335
1797,100122.58499866669
1798,93275.72925100001
1799,86152.495013
1800,87068.03230299997
1801,111792.03867166667
1802,78316.74755700002
1803,99616.96699066668
1804,98013.10872500001
1805,89538.18601166666
1806,66347.01329
1807,84278.04594466666
1808,96793.67296566669
1809,100510.7278943333
1810,90982.94821700001
1811,101669.52828066665
1812,86576.817572
1813,80508.12670466668
1814,109577.04464566664
1815,84759.84063366665
1816,82960.79090233332
1817,89397.76937833335
1818,85223.949121
1819,104012.92714799997
1820,87644.29156233332
1821,103118.77369166665
1822,72626.98116233334
1823,76143.18199733333
1824,81675.24663466665
1825,100142.35447233336
1826,87247.89832633332
1827,91499.492776
1828,107138.84636566669
1829,72224.11431166666
1830,84021.51730966664
1831,70626.62117633334
1832,95166.5487503333
1833,100652.37776800002
1834,93853.97716499999
1835,90823.91319633336
1836,74744.90949933331
1837,92677.547853
1838,78119.57911166667
1839,79259.13128399999
1840,75677.13950666667
1841,85004.60814399998
1842,75652.86953766669
1843,95915.058959
1844,82003.58967533335
1845,93288.00049566664
1846,109733.14462333334
1847,112903.27860566668
1848,92174.61601033334
1849,88773.28372166665
1850,91084.29849933334
1851,89402.650767
1852,111804.21014466665
1853,91860.27787900002
1854,102072.7399456667
1855,105330.76010633334
1856,101910.56907900001
1857,97890.420045
1858,76858.94655766668
1859,67231.48367166666
1860,105159.77505900002
1861,89781.05637399999
1862,89041.42766166665
1863,86040.76033633333
1864,85096.60966866666
1865,102572.81438466666
1866,91822.05074
1867,98592.10593000002
1868,98538.80319933333
1869,68459.42821999999
1870,77057.41566433334
1871,100885.92017200003
1872,103294.55909333336
1873,85757.28789066666
1874,105183.52731566668
1875,83277.07841266667
1876,84799.27392233332
1877,80044.04164299999
1878,74220.90144899998
1879,81445.76270666668
1880,86350.81177966668
1881,93101.53200199998
1882,100012.72036466667
1883,69900.07764333332
1884,88794.11197666668
1885,66546.99817600004
1886,62702.45273933332
1887,91256.46165700002
1888,65589.77843433333
1889,97275.73238333335
1890,68674.87880800001
1891,78326.5359846667
1892,82985.91156366664
1893,105981.61076500003
1894,72963.49034500001
1895,73481.90176733333
1896,81356.71959933334
1897,87608.86379833335
1898,99348.79681866665
1899,100831.94293166668
1900,64046.157888
1901,89155.76198266666
1902,99616.55426066667
1903,95532.17406
1904,69459.28265099999
1905,111665.75537433331
1906,87747.42450833335
1907,68716.97290666666
1908,77517.41368166666
1909,101803.25067433337
1910,59669.11930933334
1911,99646.05212066669
1912,79544.85620833334
1913,101075.30045700002
1914,79841.75185599997
1915,66816.66099733333
1916,74636.38931600002
1917,88523.25751599998
1918,81100.70669400001
1919,98439.0564706667
1920,72704.00983000001
1921,76513.80730400002
1922,100831.42674433334
1923,104506.20603100001
1924,72181.27608933332
1925,65360.52005366668
1926,91158.09633099996
1927,96301.71069466668
1928,93801.46854500001
1929,88497.31959666667
1930,85764.69868333332
1931,109797.87073466668
1932,93179.91186933333
1933,80687.44514466665
1934,93016.87000866668
1935,114009.51504399997
1936,83567.21455699997
1937,92919.716114
1938,103846.25290500002
1939,81401.71643200002
1940,106266.00323033333
1941,78945.69471533336
1942,86976.20117033333
1943,82581.96294199998
1944,97121.35420866667
1945,94063.21634700002
1946,71634.41824733332
1947,78214.894273
1948,93721.44586366667
1949,86919.14597766665
1950,104465.64376533334
1951,100932.53628166667
1952,96471.48416766667
1953,97135.47775433333
1954,75552.43075966668
1955,80085.66259633334
1956,85190.67484466666
1957,91127.35531999999
1958,101196.07787433338
1959,102019.73783500002
1960,78551.31767566667
1961,102282.79897733335
1962,77203.55322166666
1963,84968.36600266668
1964,79592.74866566664
1965,103433.619575
1966,62688.64700966665
1967,70804.91316933332
1968,84302.92450933332
1969,70011.655086
1970,66178.11193566665
1971,80801.07467466667
1972,98202.57141533334
1973,76733.706363
1974,95265.720213
1975,100027.29810166669
1976,83743.90574599999
1977,84729.91275533335
1978,102909.492324
1979,77365.38132033333
1980,80639.48141466668
1981,97948.72098233334
1982,87099.49592500001
1983,72674.54425866666
1984,72925.63427566667
1985,100790.45429533334
1986,80033.89009733334
1987,75562.36405133332
1988,107425.57487299998
1989,84789.11681666668
1990,106405.63805099999
1991,79268.42247800001
1992,88798.19549299999
1993,96723.93203433332
1994,83388.18642666665
1995,100660.77461233335
1996,104736.4275066667
1997,70042.04132133332
1998,84977.07429066667
1999,93621.9261643333
2000,99175.98318400003
2001,92869.75406333333
2002,77500.84369200001
2003,87727.93083033332
2004,105378.595731
2005,106451.95715933331
2006,98984.62376900003
2007,62832.825925000005
2008,89283.754463
2009,70781.07534500002
2010,86327.82331766667
2011,96245.43224833337
2012,65430.131734999995
2013,100242.88096199998
2014,73218.03630333334
2015,90764.56405066665
2016,109766.83411333332
2017,83380.91142966667
2018,68909.37905399998
2019,82676.18585333331
2020,73993.052904
2021,95256.90743266666
2022,96282.1359223333
2023,91861.78934499998
2024,76225.10627366666
2025,94563.26114733334
2026,89943.85537566665
2027,88620.84246266665
2028,70165.52929166667
2029,92856.14246300001
2030,87920.05404
2031,85938.20716866667
2032,78182.40640666668
2033,80567.55106000001
2034,75605.71608266667
2035,93024.936459
2036,109006.11713933335
2037,86444.05733666665
2038,99967.13882533334
2039,71598.44859333335
2040,85483.87111133331
2041,100174.22939633337
2042,105252.33241000002
2043,72599.96467066665
2044,103716.49276200001
2045,107073.51153333332
2046,101542.23634199999
2047,86808.30067033331
2048,68240.15359166665
2049,94074.77785666667
2050,92230.25285433332
2051,90530.63762666665
2052,93476.76539500002
2053,86458.13957900001
2054,85399.88948566667
2055,70589.011217
2056,101919.01940266669
2057,89836.28086933335
2058,69263.45341466666
2059,79750.04895366666
2060,81973.65618800002
2061,85561.04408299999
2062,75410.83729566664
2063,96249.39241433333
2064,80015.124871
2065,103521.51465000001
2066,102319.03187666666
2067,90711.96862233334
2068,65447.59068633334
2069,82223.782787
2070,76812.86173266667
2071,100223.81838733332
2072,89186.36439733334
2073,77969.59853366668
2074,92354.83281666666
2075,72217.30198666664
2076,83049.951228
2077,81696.76056533334
2078,75558.954993
2079,83743.6196883333
2080,89548.33931866665
2081,79016.466532
2082,91984.99002533332
2083,101167.83999466666
2084,86903.93154366665
2085,72131.22370133335
2086,96628.371188
2087,74698.93244933334
2088,87146.75385200001
2089,106251.36890633333
2090,98498.15390499998
2091,86213.27378099998
2092,74552.157937
2093,85739.862321
2094,84448.769471
2095,95316.66603400001
2096,66604.73689999997
2097,65620.988177
2098,103438.83373866665
2099,69353.67839333332
2100,108244.517284
2101,101407.54975000003
2102,109397.56228
2103,73389.28730033335
2104,83396.57911333333
2105,86998.22430433333
2106,117378.61034733334
2107,96846.38458533338
2108,92450.88847000002
2109,99793.46715633332
2110,86726.703207
2111,110985.18048133333
2112,82776.40588233335
2113,85506.44928833334
2114,95204.843013
2115,98705.67468766669
2116,73430.44719966668
2117,90845.24673533332
2118,93627.58502766669
2119,91951.24560066666
2120,75330.19382000001
2121,99189.03365899998
2122,96048.01064566667
2123,87092.82803633335
2124,76892.95958033334
2125,70756.399929
2126,94721.78425500005
2127,88725.15557099998
2128,92489.48387599997
2129,90475.54956533333
2130,93598.9348783333
2131,92702.46957666666
2132,92858.55764533333
2133,81180.87572566669
2134,70147.45838933332
2135,107504.68147433332
2136,85777.45935066669
2137,85333.10556066665
2138,102962.5557
2139,75580.87058666669
2140,91187.95760266665
2141,118992.09247666666
2142,111684.91836500002
2143,100729.60766000002
2144,104554.82058233334
2145,93838.90627499999
2146,85849.47151433335
2147,98572.58882866664
2148,91680.68234666664
2149,106142.98854366668
2150,77764.41583799999
2151,73410.63108366665
2152,75839.11683866667
2153,98668.03227533332
2154,71445.22854666667
2155,92042.77363766669
2156,87792.68667833331
2157,105475.1447123333
2158,95866.31524866667
2159,65143.943170333325
2160,102267.54408866669
2161,87030.92724566668
2162,95225.28034333335
2163,88464.26211066665
2164,85256.99331800001
2165,87470.09936066666
2166,98204.92081833332
2167,96411.84804099998
2168,74984.04772
2169,63708.183085
2170,67992.47931633334
2171,85439.75195766665
2172,77684.05479233334
2173,95443.86082566665
2174,77984.84382466668
2175,97484.73348233331
2176,88422.75453733333
2177,73633.01526900003
2178,82933.98224066665
2179,87566.65207899999
2180,66966.36530266667
2181,100536.88047333334
2182,93959.37502733331
2183,76066.59513533332
2184,77797.71597266666
2185,90313.51763533335
2186,92827.67146733333
2187,87470.18775099999
2188,111541.74765733333
2189,106754.80994833334
2190,80447.05516333334
2191,108910.410419
2192,78190.72080633332
2193,83075.40691433335
2194,97439.79072066667
2195,105907.89899099997
2196,99566.23205733336
2197,89878.07068833332
2198,100670.93126933336
2199,103467.16199566665
2200,107234.22640033335
2201,70726.11239333333
2202,78685.47909366667
2203,85722.19246866665
2204,89831.19485566666
2205,104981.91911566668
2206,102109.12667733333
2207,94396.323956
2208,72216.40898433332
2209,87433.10407866669
2210,110045.48212866667
2211,84623.03040366666
2212,110189.78645300001
2213,86601.76393566669
2214,92875.31375333332
2215,107339.18586100002
2216,99013.24694566664
2217,75319.08042333332
2218,71383.50526766667
2219,93184.81285033333
2220,93706.85020100001
2221,85491.86853866666
2222,93387.07509333336
2223,83980.96101733333
2224,88640.84961599998
2225,87038.17012833335
2226,91783.62060399998
2227,97574.31179566664
2228,91055.31477400001
2229,70372.00963666665
2230,86628.19865166665
2231,91173.61968266666
2232,100435.834197
2233,84272.86365166666
2234,86606.61991400001
2235,103855.70852066668
2236,68196.955691
2237,103037.28892799998
2238,105999.59675800004
2239,92409.58133466665
2240,112453.40516333333
2241,68402.09220566667
2242,96684.91706933331
2243,82751.38602666669
2244,71180.357919
2245,89759.96822433332
2246,102504.37598900001
2247,107859.5448826667
2248,85021.83100333334
2249,85634.68710733335
2250,96072.20687266666
2251,84045.62292633332
2252,96607.21082533333
2253,93009.40074600001
2254,79464.07904533336
2255,98408.18879166665
2256,85264.09526566665
2257,110786.96026300003
2258,88950.81370999997
2259,76232.03303500003
2260,63714.21269966667
2261,72304.97596466665
2262,65110.32682366667
2263,109361.16997
2264,79223.58512899998
2265,95455.84217533334
2266,109731.73754833336
2267,86543.36777066668
2268,107096.46060466666
2269,85556.87143699998
2270,97150.73922466667
2271,75028.66733899999
2272,100407.11602733335
2273,70351.168491
2274,63006.87844033333
2275,71964.63333866667
2276,88141.24780666667
2277,76012.464888
2278,84931.25564499998
2279,85226.32393399999
2280,95602.42049633335
2281,106799.9719026667
2282,85387.27709133335
2283,90628.5759736667
2284,100006.65328133333
2285,77173.48703633333
2286,109492.941636
2287,85212.824039
2288,74336.81110299999
2289,108110.67799200001
2290,97013.94319100003
2291,90855.5465733333
2292,80152.92950566666
2293,88657.10043333333
2294,71860.26994766665
2295,98725.75702133332
2296,94833.47679966665
2297,100238.1391663333
2298,69453.58907666666
2299,104811.38993033332
2300,103385.85382999998
2301,90097.95681933333
2302,102500.19106633333
2303,74932.82983333334
2304,79297.88089866667
2305,80537.83186900002
2306,91564.977647
2307,94665.14630133334
2308,109477.2035266667
2309,70085.13933366668
2310,100540.82463633335
2311,102809.404284
2312,92478.41937499998
2313,88286.90768233335
2314,85563.78392166668
2315,80590.51016066664
2316,79736.725014
2317,79328.29260633336
2318,75929.277085
2319,89026.32194433335
2320,74583.90842366667
2321,98968.11251900003
2322,71109.85124033333
2323,89264.7510956667
2324,72162.48525166667
2325,94444.68268766666
2326,69974.87827266665
2327,68035.88637366667
2328,66227.00387500001
2329,78757.80830299998
2330,104186.83782466668
2331,106891.84240499999
2332,92849.43064633333
2333,89335.95315599997
2334,96207.08724033333
2335,78235.95029700002
2336,109642.98748933333
2337,86146.43663366666
2338,99090.677591
2339,102578.84224000001
2340,86862.87903333335
2341,97598.19051399999
2342,84676.562688
2343,85467.73389
2344,76830.66619700003
2345,78239.43394666667
2346,86445.83377999999
2347,78034.412479
2348,99758.05598099997
2349,101025.77247166667
2350,94832.03815033333
2351,89948.19575399997
2352,75267.42786666668
2353,83662.309593
2354,81736.22854766667
2355,124451.28448999996
2356,99260.70026499998
2357,68897.95804133333
2358,86605.36953433332
2359,85820.90902866669
2360,71165.74838966665
2361,97615.69139666668
2362,88288.683018
2363,96646.56612766668
2364,71994.011437
2365,74619.61624966668
2366,83474.12420366667
2367,69930.637138
2368,88537.78819766667
2369,98448.35500466665
2370,93311.93389133333
2371,71494.08156766667
2372,113264.40025133334
2373,92479.02363266666
2374,85504.39400300001
2375,70908.862007
2376,92840.82514100001
2377,69005.70234666669
2378,94361.93204399999
2379,89480.98175299999
2380,93090.67586700003
2381,93855.12446766667
2382,82886.69466466666
2383,92924.80390966669
2384,100621.04447733334
2385,78105.15539666665
2386,94807.38636299998
2387,75499.40422200001
2388,82424.29141466667
2389,105054.11679633334
2390,81669.78361766666
2391,100129.13374233333
2392,65354.15521833333
2393,86450.97672766665
2394,71755.85574766666
2395,75212.73635733331
2396,101941.23243666669
2397,95762.54256933338
2398,82290.95687766667
2399,79999.81394733331
2400,66423.54877466666
2401,110039.03025666668
2402,92231.44004033334
2403,96001.22424999998
2404,60408.594689000005
2405,78577.75946566666
2406,75180.21078899999
2407,86322.58031133334
2408,77486.60194533334
2409,94909.08937066667
2410,67476.27091533333
2411,84097.16769866666
2412,80632.16660399997
2413,75385.364637
2414,93399.34924833334
2415,91717.35560233335
2416,118032.84942
2417,109912.473976
2418,86029.60029
2419,87170.79777366667
2420,96939.26029266666
2421,91605.54446466667
2422,73187.695386
2423,85337.40715233333
2424,75638.63907166668
2425,81796.62168866668
2426,79702.34604833335
2427,66895.117189
2428,98059.39559033333
2429,98901.32642799999
2430,87782.15319366664
2431,83781.11513166667
2432,81843.63717266667
2433,85688.13739799998
2434,102330.49882333334
2435,98836.60118666667
2436,66880.161959
2437,102029.65761066672
2438,77406.02733866667
2439,104568.99369966671
2440,105683.99445399999
2441,75199.24832933334
2442,86159.961403
2443,94103.96744233332
2444,75533.36209466665
2445,84304.86337666666
2446,66173.65290166666
2447,83172.75986966668
2448,73465.545816
2449,125292.96297333334
2450,94108.25572733332
2451,73198.93989566668
2452,94637.98289466668
2453,94567.90180433333
2454,101673.91410099999
2455,65770.26835133333
2456,88560.52340266666
2457,67830.46224633334
2458,88168.68594133334
2459,95194.486554
2460,110313.49917333333
2461,89160.26023333335
2462,93639.41799100002
2463,97885.79127799999
2464,98448.28112966663
2465,67871.59418499998
2466,104048.06227466665
2467,99301.65736133332
2468,86218.65867066667
2469,82605.95630233333
2470,88974.31394733334
2471,101599.70780166665
2472,87653.22207066666
2473,79639.40873766667
2474,86132.40239466661
2475,82859.18778766665
2476,79625.40108499999
2477,98384.789459
2478,88449.46501499998
2479,71018.32926866665
2480,101689.52218533332
2481,86529.45962499999
2482,66979.18696933336
2483,76936.802542
2484,108791.86114666663
2485,90606.7477566667
2486,86897.84431600002
2487,68346.32204500001
2488,86906.70725633335
2489,100065.74562933332
2490,104232.31036699997
2491,95045.66573933332
2492,97147.47131333333
2493,101528.3997153333
2494,93032.80433666665
2495,69655.46136233334
2496,82568.17575
2497,92542.79164000001
2498,90653.32454633332
2499,88046.04014966665
2500,101054.16346066665
2501,95873.71144466664
2502,91856.958634
2503,74384.52719200002
2504,97485.05120466668
2505,98667.79679466663
2506,64790.268919999995
2507,71138.17759433332
2508,100401.20688933336
2509,72727.45518300001
2510,98091.12111766664
2511,83977.19919366666
2512,64797.91750266666
2513,111992.33955133331
2514,94726.41428533338
2515,97739.08246866667
2516,90668.56360400002
2517,88656.92236666667
2518,96312.00214000003
2519,79937.704724
2520,100884.77567433332
2521,117411.63602399998
2522,116088.90262466668
2523,68200.88411133333
2524,69832.01215633334
2525,77755.663606
2526,74505.62876266667
2527,105967.54210266664
2528,87454.11238466667
2529,80602.13289966669
2530,94856.29694166667
2531,79023.76930066665
2532,94935.195825
2533,78481.35575999998
2534,87981.43988133334
2535,86937.33698933334
2536,78736.91512933336
2537,77623.71805666665
2538,83244.00092866668
2539,83961.84558666668
2540,109364.42932166668
2541,87509.30401566668
2542,111458.01739800003
2543,109821.07648799998
2544,110148.02538133335
2545,85482.52502566666
2546,91880.76511266665
2547,96428.64631966666
2548,86517.65453466664
2549,76591.31216333336
2550,96858.55740499996
2551,96555.22839400002
2552,86755.43630799999
2553,95845.42555599999
2554,94923.29125866668
2555,87220.24949366666
2556,68712.325277
2557,84719.13811933334
2558,77295.73140233333
2559,71498.64333533333
2560,107709.48875333338
2561,109607.81919666666
2562,90276.34037166667
2563,99167.379166
2564,78499.08901733336
2565,88937.38622133335
2566,86316.25402666668
2567,67728.42341266667
2568,100279.919618
2569,98984.01534366664
2570,68816.01846433333
2571,73949.410864
2572,93538.48628699998
2573,94566.22363100002
2574,84645.68328933333
2575,88742.46181
2576,97218.85461833335
2577,110043.31227533334
2578,80365.85904733333
2579,96532.78592533334
2580,84939.3199323333
2581,102255.05639066666
2582,73277.43833466666
2583,101538.29962666667
2584,93114.75977133332
2585,111655.593444
2586,98032.44745300004
2587,77478.64189066665
2588,73284.11557666668
2589,90976.45636099998
2590,104074.4947816667
2591,93261.127437
2592,73954.8983683333
2593,87602.09453200003
2594,78509.97701700001
2595,100210.16448200001
2596,106316.23026700005
2597,90218.00660133331
2598,98148.04682366665
2599,77832.93059199999
2600,111711.14614133333
2601,80867.25108500001
2602,81992.76750766668
2603,86420.66877000002
2604,77329.63621766669
2605,94869.42367999999
2606,94890.68045166666
2607,81431.710114
2608,89687.70290766667
2609,85554.960768
2610,108269.35923433331
2611,83002.76232266666
2612,101444.0389016667
2613,112670.4589766667
2614,111884.84609933334
2615,97478.88431166668
2616,98262.46065933334
2617,68506.58419999998
2618,78513.15303066667
2619,99252.82450099998
2620,92373.97417100001
2621,101219.62132866666
2622,64262.50935166667
2623,78838.30450333333
2624,99942.27388466666
2625,96842.30936699998
2626,85243.0532
2627,101681.50915666667
2628,74154.52062233334
2629,101288.2082683333
2630,87469.53087766668
2631,89536.27206366665
2632,105780.4854866667
2633,105545.69619366668
2634,116402.89152066667
2635,88128.41789166667
2636,62992.12168599999
2637,84951.96552466664
2638,72301.45562133334
2639,85366.31414966666
2640,62012.757282666666
2641,104829.88137766666
2642,69774.30425333332
2643,93179.84673366667
2644,89792.94725766669
2645,104725.57874366666
2646,103162.60660033331
2647,72017.94300300001
2648,79156.97258500001
2649,114475.90049333333
2650,89982.12085100001
2651,72716.59494666665
2652,90482.17740100004
2653,96601.95591199998
2654,91815.980621
2655,67317.36404233336
2656,87490.99195266668
2657,85478.94926533333
2658,87451.44350333333
2659,80178.461865
2660,102678.81260733334
2661,78149.58627600003
2662,106679.62832099998
2663,79424.63534733331
2664,68566.77559133332
2665,71199.07904399998
2666,78550.74121666669
2667,74193.54837766667
2668,96956.43863799999
2669,92851.74857566669
2670,111693.36586066667
2671,72566.75402733333
2672,90072.75611100001
2673,93636.28423299995
2674,83584.68229466667
2675,92854.03161899999
2676,96748.75425
2677,95559.50225299998
2678,76550.08863833336
2679,100343.17090366666
2680,67302.33239800001
2681,70634.69090133334
2682,81736.65868566668
2683,86518.07830999998
2684,121661.63306000001
2685,101803.00797433333
2686,86017.57338866666
2687,91600.62225533334
2688,93178.67327800003
2689,81256.08373833336
2690,99867.03639899999
2691,70222.50306600003
2692,81593.61022999999
2693,83541.90934166669
2694,94270.59524766664
2695,89276.83552500002
2696,75307.544243
2697,94256.01747199999
2698,97696.014973
2699,84486.84233799997
2700,71204.28040233334
2701,80267.33940833334
2702,62640.40391566666
2703,85108.92722499999
2704,74218.10437166666
2705,100816.08328066672
2706,81579.09268100001
2707,63096.459387333336
2708,77865.89023233332
2709,109965.91310266666
2710,95238.270643
2711,87748.10383833337
2712,74038.88473266667
2713,100080.329624
2714,90043.78265500002
2715,75806.01419266665
2716,109773.228726
2717,70553.94089133333
2718,78266.09944933336
2719,97685.19718999998
2720,97753.36497200001
2721,96547.48460133333
2722,100075.33182600002
2723,97189.03082166667
2724,86720.24669733334
2725,70579.56377699997
2726,94037.25647900002
2727,76339.55559266666
2728,84801.03623566664
2729,94507.0327396667
2730,96497.45876266668
2731,101074.50889133333
2732,81846.78141699998
2733,108272.74596433336
2734,88415.60047199999
2735,99644.188884
2736,80747.198953
2737,76976.56775233333
2738,92233.57097733334
2739,88324.65327766669
2740,93464.229078
2741,94889.9934076667
2742,90362.42112466664
2743,93208.21085133335
2744,74087.31249133336
2745,71339.40419366669
2746,94873.48773533337
2747,98869.57952966665
2748,96898.01323033332
2749,93214.17319966663
2750,87462.15131099998
2751,103348.20906400001
2752,100775.88432366667
2753,84648.86467700002
2754,78637.05275633336
2755,91692.58648966668
2756,89803.44511566665
2757,76257.57558466664
2758,79069.51746599999
2759,87595.07609233331
2760,80162.73970599998
2761,102346.57582066671
2762,95679.77209066667
2763,80461.57609399997
2764,91281.84492666667
2765,124798.79034
2766,80254.98459733337
2767,85972.73165
2768,88207.05771666666
2769,95365.08559900001
2770,86047.17245233334
2771,101298.86331033336
2772,102970.57770800003
2773,97616.94706866666
2774,104987.92449900002
2775,81068.47820633333
2776,88423.99454299998
2777,85980.21777866666
2778,78939.73252200002
2779,91640.31486500001
2780,84294.98142633332
2781,67032.74346466667
2782,78418.70834066668
2783,97726.62323033335
2784,65149.245386666655
2785,96800.91891533337
2786,84757.58855366666
2787,95627.7634296667
2788,88125.89321799998
2789,96304.21917599998
2790,97231.42049033332
2791,96183.061881
2792,86861.5357293333
2793,75664.54934566669
2794,104529.15510466667
2795,74632.69136499999
2796,100640.90353666666
2797,93476.05509766666
2798,92506.33506600001
2799,81932.36488600001
2800,95480.93007933332
2801,81306.81638799999
2802,109819.65586900002
2803,70714.06581633331
2804,82765.39836033335
2805,80352.46295599999
2806,86554.60417733334
2807,81404.81064866668
2808,77950.98692666665
2809,76957.16213100002
2810,65327.568143333345
2811,79970.21551000002
2812,93584.273466
2813,86944.4483103333
2814,103242.81504566666
2815,101694.37953033338
2816,86900.95632666667
2817,64194.74226733332
2818,82956.57665866667
2819,83678.11437999998
2820,93936.37303099998
2821,107285.01825199998
2822,107127.69410366665
2823,94708.30470200001
2824,85189.211819
2825,86233.5980973333
2826,86424.39258866665
2827,96653.14155500001
2828,79742.057047
2829,81231.88860233335
2830,85165.80666099998
2831,92828.90083399997
2832,99216.95846800003
2833,72108.94576633333
2834,91425.53877333333
2835,63844.399388000005
2836,105018.40030733332
2837,109826.60898666667
2838,113926.24991066665
2839,100839.79261399998
2840,101215.90803533336
2841,82032.10121933333
2842,74467.77200699999
2843,103404.99278233331
2844,98697.31228233335
2845,104666.91317999999
2846,68780.57672966666
2847,91371.37265866666
2848,100399.39311933334
2849,86341.60549933331
2850,68157.904339
2851,62209.18765300001
2852,101792.89177799998
2853,83872.39831266666
2854,63625.980014
2855,108626.745777
2856,83139.62240066667
2857,96008.67957733333
2858,94391.105986
2859,85004.26479100001
2860,104656.07426466662
2861,101376.73739833337
2862,91356.74545166669
2863,84278.59256266667
2864,87932.53739733335
2865,76752.72242333331
2866,73257.77303400001
2867,76557.481348
2868,101749.73779533335
2869,72279.47849699999
2870,77084.62216766668
2871,91285.6286556667
2872,102288.57623733333
2873,88889.9300153333
2874,87623.47036566665
2875,84202.46548333335
2876,110686.00809033333
2877,70495.16612566667
2878,92956.65479366666
2879,103417.44068233336
2880,70091.12770699999
2881,99846.39323366668
2882,85769.09701066666
2883,88478.08324133333
2884,87279.80089
2885,109874.74907566664
2886,84842.63726166668
2887,79546.39957200004
2888,85337.26548033333
2889,80342.09779133335
2890,76072.21903333331
2891,97941.16438800002
2892,108378.9460856667
2893,96534.4888036667
2894,100756.88451833332
2895,77261.44085999999
2896,79132.58873533332
2897,96205.75515266668
2898,94962.64752233333
2899,95738.18181733339
2900,87016.51623666668
2901,85977.79313833333
2902,105222.14799033331
2903,89466.05851566668
2904,69432.16548633332
2905,108983.66221566667
2906,89934.932726
2907,86988.14690533334
2908,108436.99185966667
2909,107945.45051066663
2910,97250.86260166667
2911,69212.26998433332
2912,81901.43874733332
2913,84438.42129166666
2914,97555.54447566667
2915,93729.19287
2916,102242.28696666665
2917,82749.07905933331
2918,74013.91224733334
2919,84677.05978533333
2920,74523.00263733337
2921,100335.39751366668
2922,89514.16458966667
2923,83283.71947533335
2924,73223.73109400002
2925,98425.79197700003
2926,97824.35582866662
2927,110918.67588666668
2928,75233.20642500001
2929,93829.74897966668
2930,86314.30437366664
2931,99744.63288666664
2932,86644.19237766667
2933,88956.74613099998
2934,92851.59450899999
2935,95538.24371933335
2936,65570.05513766666
2937,89550.717836
2938,104595.41118533332
2939,104570.84195433334
2940,110306.02948
2941,78624.444428
2942,86483.65315633333
2943,118301.28585666667
2944,90205.20040266667
2945,90072.50688433334
2946,81064.51496799999
2947,97488.53039399997
2948,75768.42159833334
2949,73612.76007066667
2950,70440.64725733333
2951,110350.74187033334
2952,87964.47936599999
2953,74560.06975333332
2954,102659.0063536667
2955,65422.66050766666
2956,83833.70609400002
2957,88289.487684
2958,74376.79427433334
2959,105627.62562666665
2960,101173.84713933337
2961,70392.52237866666
2962,105344.54467733335
2963,113234.49044866666
2964,95125.27949533332
2965,71547.07147433335
2966,61374.37702333334
2967,80400.81129299999
2968,87181.897322
2969,97555.02108466665
2970,105184.80132866668
2971,73748.79693733335
2972,109294.54599899995
2973,109059.84458033332
2974,73450.33168933334
2975,104308.16956866668
2976,91587.37658933335
2977,86141.85823466668
2978,88229.17875033332
2979,75193.67878066668
2980,93007.76660966667
2981,84789.675884
2982,92206.46109533335
2983,71623.95517033333
2984,72126.22470300001
2985,73376.49155766665
2986,100011.73107500002
2987,89213.39563899998
2988,91224.32855733331
2989,87326.25739333332
2990,92356.76176966667
2991,70104.00120933334
2992,112200.3325323333
2993,106988.77141166663
2994,78187.99084033331
2995,90514.22260499999
2996,73752.05312899998
2997,101617.67889733335
2998,111071.75875333333
2999,101414.14027399998
3000,87584.936528
3001,86392.98310666665
3002,101920.033096
3003,88445.73975966664
3004,86613.77472800002
3005,86076.14797399999
3006,102718.09975400004
3007,74312.700116
3008,84861.08846133329
3009,82813.05669933333
3010,71376.11498166666
3011,99000.58173099998
3012,94347.78827366668
3013,87734.21661333331
3014,77329.7845456667
3015,92100.18691300001
3016,89591.51446033336
3017,98916.31117933334
3018,86501.80503466666
3019,74783.25795366667
3020,80214.984967
3021,69238.36159566668
3022,90688.00760366666
3023,94469.97081533335
3024,79959.479397
3025,93603.753119
3026,90453.91898100002
3027,96034.65008233333
3028,69053.50820733332
3029,76784.73296200001
3030,88329.47869199999
3031,81141.72880100003
3032,95420.20691933337
3033,98790.15114766668
3034,91534.68053866667
3035,73984.99623000002
3036,87099.82626866663
3037,90649.772423
3038,79414.52847866666
3039,90244.88620233335
3040,77101.58500633333
3041,93572.52098966666
3042,91543.29460033335
3043,87559.94334699998
3044,98921.31732266667
3045,83611.98227766668
3046,109107.24359266667
3047,73854.248034
3048,91842.70046666666
3049,77435.45018833331
3050,94010.70435466664
3051,77593.91915466664
3052,92132.06847300002
3053,70885.55796533334
3054,71443.11028199998
3055,71584.54555566666
3056,113164.54505266665
3057,92825.86300299999
3058,100651.642852
3059,83984.027639
3060,94045.84830200003
3061,68615.14438733333
3062,87109.37035966665
3063,76125.48929366669
3064,81463.46014966667
3065,86191.2896623333
3066,89070.05974766669
3067,76371.989599
3068,82889.07332766664
3069,103685.81476866669
3070,71026.17349
3071,84152.35350466668
3072,111980.06757433334
3073,93264.01157733334
3074,88663.76551233331
3075,65510.457912333324
3076,88659.96904466665
3077,101231.29985033331
3078,72195.31472566667
3079,82155.16503033334
3080,95685.34494566667
3081,88832.86159533332
3082,73581.20524133333
3083,83756.457691
3084,90898.30909466668
3085,83654.76829833334
3086,90611.656262
3087,98391.38773599999
3088,81029.91753600002
3089,89724.34154966664
3090,94914.09498033332
3091,89514.08955666666
3092,92736.47093433332
3093,84819.43722566667
3094,93371.77288233333
3095,89258.73335866664
3096,109404.88214400002
3097,106962.46549366666
3098,94836.50993599999
3099,101323.27741166668
3100,103258.926151
3101,82867.34290366666
3102,83700.01817433335
3103,81463.16889066668
3104,96902.59616866667
3105,86353.93438066664
3106,82766.70720233333
3107,74815.478302
3108,102750.2403726667
3109,96531.2528983333
3110,95941.17516033333
3111,102353.66181633332
3112,101659.34710333333
3113,70368.08057766665
3114,95674.32778966666
3115,91633.22375599999
3116,104526.61658499997
3117,87267.47577466666
3118,101805.25831266669
3119,65410.13812533333
3120,74064.23752500002
3121,89388.16944599999
3122,98553.08830833333
3123,72558.37351033332
3124,61439.38051066668
3125,91798.95930333334
3126,102224.61990100001
3127,84474.955509
3128,90266.82441900001
3129,68957.941926
3130,88254.1916443333
3131,86015.50506566667
3132,69324.11875933333
3133,85121.6287353333
3134,82771.74833266667
3135,74853.05948833333
3136,102761.83651833332
3137,102414.6536756667
3138,82623.81946
3139,64652.38419266666
3140,81474.69223899998
3141,107446.05040866666
3142,101285.75055466668
3143,74130.46149366668
3144,69997.03616533334
3145,120057.69212666668
3146,93547.04431366667
3147,89295.03493533333
3148,67569.77296133332
3149,94243.23105166668
3150,86481.372281
3151,87590.77206133334
3152,90001.72267833336
3153,107420.20744699998
3154,76706.86731000002
3155,78176.30363500002
3156,87060.01468533331
3157,74535.92409100001
3158,96345.73042666666
3159,98518.616927
3160,92725.42881199998
3161,68478.92175066668
3162,70196.36231566666
3163,87705.582425
3164,91853.43244999998
3165,90762.82702633333
3166,76775.13928766668
3167,77234.01063933333
3168,97808.45517799999
3169,85016.04586766667
3170,89151.55040999998
3171,97453.27142933331
3172,92103.95331966667
3173,106666.62815033337
3174,75325.43183533335
3175,89320.52435233333
3176,91886.769834
3177,78371.04970633333
3178,88556.13983999999
3179,110588.98933000001
3180,98652.61374933335
3181,84871.87633766666
3182,87623.17636366669
3183,81081.49599200003
3184,98994.94314466666
3185,92715.12513633334
3186,69387.459272
3187,108447.10622166665
3188,94846.64971266664
3189,69740.67803933336
3190,106489.37060000001
3191,84827.90129733334
3192,70418.63403866666
3193,98291.26279699997
3194,97739.95357766663
3195,81364.68861366669
3196,70954.26782699999
3197,82051.57011633336
3198,104635.80279666664
3199,93598.84165266667
3200,75001.34153933336
3201,69887.77262433333
3202,99528.4322106667
3203,104257.95001433337
3204,113950.32884233334
3205,83317.90966066666
3206,87458.18402133333
3207,94481.0537516667
3208,80483.07974066668
3209,94119.74364633337
3210,72483.877229
3211,75239.37347099998
3212,83158.767915
3213,86867.88380733336
3214,88132.174186
3215,92596.90986599999
3216,93931.67715566665
3217,103241.91324000004
3218,96843.4597016667
3219,82998.31217866667
3220,100473.95671233331
3221,79065.61520333333
3222,95967.30714966665
3223,65538.31193533333
3224,108711.68046533334
3225,114396.39896399998
3226,87113.43480533335
3227,88561.0173236667
3228,73095.65345299999
3229,84458.85516366665
3230,85457.47724600001
3231,109105.65920166668
3232,83601.99962833332
3233,82398.90929633334
3234,85524.99446133332
3235,95377.97163166665
3236,94026.22126833335
3237,78986.31599333334
3238,102867.11096000002
3239,90282.54145066666
3240,103798.89233266664
3241,107460.61673499997
3242,65468.28280333335
3243,86150.19399433334
3244,72376.19585033334
3245,92049.818059
3246,82162.91542866666
3247,70203.59075666666
3248,85959.41117733331
3249,72596.35412666666
3250,76483.49921499999
3251,73891.060485
3252,76469.43185899999
3253,67192.20385266666
3254,110780.83365999996
3255,77391.208837
3256,91275.13365433333
3257,71650.68070133332
3258,88148.23964733332
3259,100033.15751533333
3260,75465.43462033333
3261,88478.534526
3262,84141.37889666668
3263,80029.07035533333
3264,84679.52234833334
3265,95386.14263099997
3266,85221.33574000001
3267,110207.32826200004
3268,93326.26603033334
3269,86413.246112
3270,92020.33208833334
3271,109842.64515999997
3272,86683.33898066667
3273,85928.80743266667
3274,95009.09152666667
3275,97153.85316733333
3276,70218.41826700003
3277,97045.07959900002
3278,99727.29946166667
3279,89289.71292799998
3280,84095.52957233334
3281,68203.99685299999
3282,85757.49897933335
3283,84376.64433766664
3284,101034.34935166665
3285,94213.01988133337
3286,92242.349068
3287,124983.00301333336
3288,95867.19544533332
3289,74580.816387
3290,100155.68463366671
3291,70887.03066366665
3292,80033.088602
3293,107871.40208533333
3294,100406.07215833338
3295,99293.31340666668
3296,81388.74248900003
3297,91658.07795066664
3298,90141.74925966669
3299,101832.80021733334
3300,78997.03826399996
3301,99586.600756
3302,88788.19364833333
3303,97573.36397699999
3304,100161.89717400001
3305,107023.37775666668
3306,79066.54885366668
3307,89249.61047733334
3308,71805.222224
3309,78639.815136
3310,110580.45322599998
3311,79464.82463466669
3312,84808.57083399998
3313,85699.41813899999
3314,78558.30124766669
3315,65757.75988900001
3316,73176.58268500002
3317,96640.40897700001
3318,94065.34816233335
3319,74452.628816
3320,104455.30075633334
3321,100845.91539766666
3322,96988.087487
3323,101498.53599799999
3324,75528.99612566667
3325,100115.47084933333
3326,103342.9106923333
3327,80428.36799533332
3328,88438.291243
3329,87151.85070466666
3330,97227.78955633333
3331,73518.24283033333
3332,82909.166979
3333,70568.05455566668
3334,104799.90647733332
3335,90518.70709433332
3336,112028.28193366664
3337,100542.31622133331
3338,76033.936846
3339,85073.22079533334
3340,91904.20450699999
3341,71608.56868133335
3342,89523.41851699998
3343,85938.90104466668
3344,88315.84521999999
3345,85961.72830466666
3346,88701.94357466664
3347,80979.13669433333
3348,93497.15851600001
3349,102139.78590733334
3350,93839.99075399998
3351,70993.72436433333
3352,70162.12189833334
3353,102169.45145800003
3354,90066.910592
3355,85453.64857566667
3356,77919.00785866668
3357,87678.32580466666
3358,83112.80088266669
3359,77544.62240199998
3360,102626.728535
3361,87412.35882733336
3362,66271.07128266666
3363,96745.48427300001
3364,83423.39679433334
3365,109321.63213466667
3366,109186.95638966668
3367,84850.27327833332
3368,110210.55750999998
3369,93693.37493700002
3370,87377.84186300002
3371,89070.38235999997
3372,67878.96266566667
3373,76355.59782566664
3374,69304.44047533332
3375,93603.12274633332
3376,91079.74265333332
3377,94668.36052299997
3378,103760.89438866667
3379,69711.19840933333
3380,99958.046032
3381,90200.82978233336
3382,95905.13726033333
3383,97715.74117366668
3384,72232.11979266666
3385,76078.86219866668
3386,98953.09947733335
3387,88132.02116666664
3388,101329.44715833335
3389,74977.32411299998
3390,67551.84454766667
3391,79581.58140966666
3392,92389.82994433334
3393,83722.73718866662
3394,71947.30093133333
3395,95119.51548999999
3396,92511.72176366668
3397,74319.38970866668
3398,85557.45985466667
3399,73676.35341866668
3400,73382.480922
3401,70750.60343666669
3402,99142.29010300002
3403,70790.34326433334
3404,75249.16570866668
3405,79539.77824433333
3406,86107.60570933334
3407,100114.64800766669
3408,94664.99362133331
3409,90349.96245833332
3410,67276.81925266668
3411,107541.15035799998
3412,109365.83507766665
3413,93178.20188233332
3414,77449.945415
3415,103721.48987866669
3416,93535.38607200001
3417,87102.76912866668
3418,97432.32060333334
3419,83793.19219300001
3420,84085.55657300001
3421,76067.02990366665
3422,87179.613831
3423,99155.91841433333
3424,89668.68988533336
3425,75286.556267
3426,86626.00647533333
3427,76305.815253
3428,90473.64095199999
3429,90125.78449733333
3430,100721.19188399999
3431,91462.70739833334
3432,90934.66010766667
3433,99614.35676633337
3434,99527.88384933332
3435,77534.62622033336
3436,87086.69492133334
3437,83059.84667266667
3438,69311.407603
3439,81786.86160600002
3440,90946.8034903333
3441,99431.4019816667
3442,92138.22544200001
3443,97682.36433933333
3444,99391.78310199996
3445,79774.89176066667
3446,65214.107400333356
3447,85852.01445666664
3448,101467.4341326667
3449,62921.253798333324
3450,92089.07423266668
3451,96798.74262266663
3452,78013.01449100001
3453,104859.8683976666
3454,87750.507303
3455,80120.81027166666
3456,110644.71158666667
3457,106784.459756
3458,101233.11505999998
3459,75847.991617
3460,94371.01601266669
3461,74853.42308200002
3462,88917.91109833334
3463,71755.22524266667
3464,97936.388922
3465,97824.27449533336
3466,78856.28594133334
3467,75788.77634233334
3468,73795.31592366665
3469,87725.64160533332
3470,65886.06326499999
3471,78326.97322133338
3472,81269.526914
3473,94556.55802066668
3474,77015.28079266667
3475,108637.67056733333
3476,106707.57839666666
3477,71278.71960766667
3478,91511.40455066666
3479,92625.33249600002
3480,88192.61664433332
3481,73413.27497433336
3482,77530.48018800002
3483,106590.72826166666
3484,89931.72873233334
3485,87153.64617233335
3486,95965.96286366666
3487,85427.62649533336
3488,74226.63576900001
3489,73352.40083666664
3490,87237.89490733334
3491,89825.36522933333
3492,91856.14186433333
3493,79591.76493066667
3494,79150.56591933336
3495,74466.29815666666
3496,78735.99303166666
3497,97920.734528
3498,73655.01070766668
3499,108358.81035533332
3500,99433.71028799999
3501,69746.36947033335
3502,93294.12798333332
3503,97098.72428000002
3504,113818.10435533333
3505,80489.75734666668
3506,87316.97706166668
3507,94160.38242833332
3508,94568.93712933331
3509,80038.80224999998
3510,98257.93995200003
3511,66072.04759666667
3512,100399.58567833334
3513,100480.44952399998
3514,78870.92920366667
3515,83327.87260199996
3516,80577.89695633332
3517,77432.88831766667
3518,86376.42912566666
3519,106107.53902766669
3520,92942.2062026667
3521,69710.78410133334
3522,99354.43413166668
3523,91946.66369266664
3524,76339.91966633331
3525,89018.55659333333
3526,70776.74902433333
3527,85262.97936233334
3528,71163.687245
3529,124378.1490266667
3530,85334.83704666667
3531,109958.91687533332
3532,88636.4764053333
3533,72328.00549666666
3534,85315.06677233335
3535,71291.42951666667
3536,104246.54145866666
3537,96644.07891833331
3538,84163.82206866666
3539,66112.97290533334
3540,88370.08921066666
3541,103593.47834533334
3542,97401.93565566666
3543,72999.96107866665
3544,87638.33042233335
3545,76473.162169
3546,93693.93618999998
3547,88075.58734333332
3548,106707.31468599998
3549,90265.98810233331
3550,92573.09982799999
3551,106685.68309333333
3552,87119.49345566667
3553,91007.61679933335
3554,84908.901508
3555,96032.82927666667
3556,88711.50246033334
3557,75787.04470833336
3558,85972.17937366666
3559,78536.18884266667
3560,86729.38078366668
3561,89046.79525999998
3562,81005.625337
3563,83950.142486
3564,96122.75752466665
3565,87567.097592
3566,102968.46415766669
3567,62484.02064733333
3568,76969.82391666669
3569,83946.851757
3570,91582.153515
3571,77239.8563066667
3572,98547.22180199997
3573,103984.74516833335
3574,115538.73958000001
3575,83072.12509433334
3576,105403.88149700001
3577,89956.49215133332
3578,79813.1510486667
3579,112612.38259666668
3580,96267.84969766666
3581,77867.39261466666
3582,87765.66772566667
3583,89159.46533933333
3584,97234.37772966668
3585,87651.45136866666
3586,96809.65908333332
3587,73195.23308600001
3588,67595.10377000002
3589,98929.07166666664
3590,69952.74760399997
3591,79909.66656033335
3592,83546.83890900001
3593,74132.91899633333
3594,88860.260071
3595,76001.03050966669
3596,88777.47600499997
3597,86699.78280133333
3598,72686.766043
3599,79401.6089646667
3600,90389.00298199996
3601,82689.71758133333
3602,106331.66899433333
3603,116126.40561400003
3604,72415.32911233333
3605,75231.01389033334
3606,72787.73567733336
3607,91058.23263366664
3608,100536.74412833333
3609,65006.257899000004
3610,69573.75375433335
3611,90810.11360533333
3612,77399.337581
3613,84786.80837166667
3614,96472.68112266666
3615,82966.28146966666
3616,89819.206449
3617,64344.56333033333
3618,95260.82031200004
3619,96255.31158933333
3620,74759.96478999998
3621,97322.96969766666
3622,67332.88238366666
3623,98522.74859799999
3624,78556.26983466667
3625,82362.2481236667
3626,80723.54091633334
3627,94009.86643233334
3628,61495.249659
3629,107440.61301266664
3630,87913.39815
3631,95987.07623566665
3632,107698.29003633333
3633,78841.56179566665
3634,89147.13728466666
3635,67401.52917733333
3636,96203.11418866667
3637,87673.01314533335
3638,83970.08144233334
3639,93432.78797366665
3640,111677.31745733335
3641,103256.00158400001
3642,79029.90559833335
3643,100348.5556833333
3644,71200.13621166667
3645,88144.33197099998
3646,96648.12259366666
3647,84639.05101266668
3648,102518.54942166668
3649,89789.23267666668
3650,87619.49362966667
3651,65601.352361
3652,109936.26372766666
3653,92771.081691
3654,63782.88327533333
3655,76681.54893266667
3656,73321.888473
3657,99620.83236766666
3658,100807.469098
3659,99674.64849866668
3660,88342.44220599998
3661,98380.82820400003
3662,99062.49500566667
3663,68651.30958533335
3664,87305.29015466667
3665,77389.07037833336
3666,88581.393749
3667,78597.81196833332
3668,83458.55966933332
3669,94375.174901
3670,78683.04489233336
3671,79441.30906599999
3672,100184.34658699999
3673,66042.05773466667
3674,99919.48309933333
3675,108074.68094833335
3676,77038.71344200001
3677,88577.12745833331
3678,73051.37956366666
3679,77986.40585599998
3680,84122.18567766665
3681,66928.73175933333
3682,89940.85214133335
3683,86872.35461200001
3684,87121.66800599998
3685,95174.14647233333
3686,100197.67728033336
3687,86474.52623799999
3688,93680.53557800002
3689,93356.447429
3690,107018.55379699999
3691,98250.277263
3692,92776.77486333334
3693,114303.496586
3694,90355.03505699997
3695,62343.740290333335
3696,78352.16757599999
3697,76982.35451933333
3698,87282.54346433333
3699,100427.923799
3700,100346.02417699994
3701,126318.00432333334
3702,106547.89175833335
3703,74782.33381700002
3704,98199.82462633333
3705,86361.16080166669
3706,80889.17331533335
3707,89624.26804333334
3708,71773.70866199999
3709,75584.98198099999
3710,68677.07721266666
3711,112420.07046533332
3712,80094.22456300001
3713,85610.39044233334
3714,99751.58031533333
3715,102919.12683933336
3716,79818.02745133334
3717,107878.76733966664
3718,83458.11412733332
3719,103005.966188
3720,82440.98761600001
3721,97021.81899766668
3722,91840.83005166665
3723,107545.08021400003
3724,96987.68299033337
3725,91466.20989266668
3726,105426.30779600004
3727,79823.020164
3728,78113.54168133331
3729,100618.43861633334
3730,93459.2960183333
3731,69494.71102833335
3732,99933.66786933334
3733,102956.25375433335
3734,88191.704912
3735,100903.098949
3736,105454.01019033331
3737,96468.74942733333
3738,90336.64826500001
3739,96292.61154666667
3740,77425.0368366667
3741,101307.45700733333
3742,74543.75465500001
3743,114071.58650333337
3744,102676.67648066669
3745,67308.625321
3746,81976.11599933333
3747,84557.05494033333
3748,104972.128056
3749,70385.20853833333
3750,77928.71783466669
3751,96706.22557233335
3752,67179.09891966666
3753,90245.46784233331
3754,71553.72705033334
3755,68248.22590466666
3756,86037.74061133336
3757,101841.83989833336
3758,82845.60056133333
3759,67505.57932133335
3760,76542.22011066666
3761,100115.13486900002
3762,97684.237588
3763,85728.83625066666
3764,82473.30970733332
3765,85857.58630699999
3766,79220.09481133334
3767,89482.21924133333
3768,66694.07655133333
3769,108819.00103966668
3770,100895.145283
3771,88043.34822266667
3772,98020.81084200002
3773,103005.39507700004
3774,102284.300335
3775,85686.47832833331
3776,86469.880181
3777,83752.24688166665
3778,64786.11746866667
3779,105883.34623333333
3780,92064.34858166668
3781,90371.28156199999
3782,96982.31849066666
3783,79615.23669333333
3784,91987.57026499999
3785,75341.51089900002
3786,130614.18519666667
3787,86388.97909966669
3788,104766.16525733333
3789,86726.00080199998
3790,82731.56958299996
3791,88704.83845533336
3792,100207.65870133335
3793,89689.96548033335
3794,86297.360938
3795,83633.16852666666
3796,76210.50895566666
3797,86956.40428933331
3798,108680.95616600003
3799,100535.15870433333
3800,91310.46161599997
3801,83460.79448966664
3802,96715.98177633336
3803,94551.22560533333
3804,77183.78999566667
3805,99129.46366933336
3806,96429.25935366665
3807,66983.74983599999
3808,85482.39390066668
3809,72394.38871966666
3810,96381.25918566668
3811,94632.23749266665
3812,73682.36372900003
3813,72613.53764733333
3814,65091.31492300002
3815,79122.78480266668
3816,108603.79661666664
3817,95389.93043500002
3818,116221.02197633334
3819,97165.35213500001
3820,102240.1794186667
3821,79345.29383300002
3822,86175.47458133333
3823,85579.88618633334
3824,76119.56519633332
3825,86267.69622266665
3826,68061.90797566666
3827,98007.75814333333
3828,107870.31608533334
3829,78837.50610333335
3830,84990.96721566665
3831,96186.30738433334
3832,91200.14499466664
3833,81585.53014533334
3834,79071.07825866665
3835,83201.64306133334
3836,99791.94912033335
3837,78341.39777
3838,102527.50024066665
3839,71182.06978866666
3840,64050.08889299999
3841,98465.64010866664
3842,91921.29604866666
3843,83981.71601166665
3844,85200.38955433333
3845,87332.01549066667
3846,102619.4507716667
3847,96551.29906566665
3848,105451.38064599998
3849,108063.96705333334
3850,66062.24215566667
3851,75229.96787433334
3852,64245.05858299999
3853,67939.61545933333
3854,85738.27202999998
3855,101477.01966066672
3856,75893.0721373333
3857,95987.07623566665
3858,96734.13748366665
3859,76574.49864633332
3860,102095.56304800001
3861,87373.69027233335
3862,82183.88145433334
3863,109486.94830433332
3864,77240.27238233337
3865,63360.33612333333
3866,101376.40061766669
3867,104461.618134
3868,101998.65121433334
3869,81472.14470100001
3870,102813.63615366668
3871,69653.31773633334
3872,97961.30772933333
3873,71785.8446393333
3874,98920.37164866664
3875,101310.76667866667
3876,95162.62513100001
3877,97824.7650596667
3878,89743.16167966668
3879,111486.41543666665
3880,124445.14777333336
3881,86700.19086233333
3882,102070.68967833334
3883,94718.234854
3884,72226.699793
3885,89005.405019
3886,94966.42998666667
3887,101673.19935366667
3888,89842.31380533334
3889,72549.92608866667
3890,79857.584921
3891,72133.13832433334
3892,82614.445631
3893,109533.30237966667
3894,70806.30851999999
3895,77165.72049233333
3896,93580.62590966668
3897,65206.35947666666
3898,91171.297547
3899,78886.10860433333
3900,83014.04001033335
3901,79376.04185800001
3902,75505.89301700001
3903,101333.10934533333
3904,101938.0549416667
3905,70972.84270466668
3906,70934.47629733334
3907,93448.98156766663
3908,82560.90398933335
3909,85037.94951933334
3910,98693.32194933335
3911,86104.01098933334
3912,87760.77320566667
3913,96717.77918600004
3914,101592.89966933336
3915,63529.58633433333
3916,99129.08304033334
3917,69117.049526
3918,78287.05513333333
3919,89503.14809433333
3920,74199.72875666668
3921,92850.17475466664
3922,97717.61957899999
3923,92114.186913
3924,99549.3663633333
3925,69216.12728
3926,63821.98268666666
3927,96702.420337
3928,94070.66348266664
3929,84471.038049
3930,80718.80006500002
3931,97211.54744633332
3932,85287.16989533331
3933,84670.67486366667
3934,86363.59398166668
3935,86419.52172100001
3936,92987.12337599999
3937,77176.09612933334
3938,74001.570225
3939,81954.104215
3940,87695.09315766668
3941,98179.0053136667
3942,108411.98336333332
3943,78002.16228133334
3944,70834.08811033334
3945,79705.14192200001
3946,104474.21674566664
3947,75533.77531933333
3948,105868.75288433331
3949,63344.55729766667
3950,76881.563044
3951,109622.77429766668
3952,95081.66087099999
3953,64085.781395666665
3954,74590.95046466665
3955,80296.65323966667
3956,87705.94173966668
3957,64799.217236
3958,88373.19939799998
3959,72696.66076599997
3960,72216.85173666666
3961,108114.89987400002
3962,87068.60011399999
3963,107454.24729233331
3964,73029.54501966666
3965,81305.38109600001
3966,88958.39104066668
3967,106245.44945033334
3968,97498.48018766663
3969,79455.351888
3970,80968.05645633335
3971,78196.44088333333
3972,93029.09605833329
3973,86980.17534066667
3974,81108.28067199998
3975,76263.160718
3976,69254.77473666666
3977,103608.48554466666
3978,89528.78247600001
3979,92824.77127799999
3980,73727.829861
3981,91621.72193100001
3982,84609.56486066667
3983,92838.10474966663
3984,83095.191289
3985,80245.22913433335
3986,87346.41771766666
3987,110776.48836366668
3988,73579.22499933334
3989,76212.04494766667
3990,96689.24828566666
3991,83702.81332866664
3992,99276.640735
3993,102261.06124199997
3994,78986.37137833332
3995,69814.60094
3996,67783.91401000001
3997,76725.744464
3998,67432.91822233333
3999,107614.1334296667
4000,70523.57162366666
